text_max_length,default_value_str,unit,classification_choice_descriptor_type,default_value_bool,selection_options,selection_multiple,selection_multiple_n_min,selection_multiple_n_max,selection_default_options,numeric_min,numeric_max,numeric_distribution,numeric_distribution_params,default_value_num,created_at,uuid,tags,name,name_de,name_en,description,kb_module_name
255,unknown,centimeter,ClassificationChoiceDescriptorTypes.NUMERIC,False,,False,0,1,{},-inf,inf,NumericDistributionChoices.UNKNOWN,{},0.0,2026-09-04 06:36:56.517313+00:00,e41a6bb5-30f8-47ea-94e9-f0cc4c3aef03,,length_cm_descriptor,unknown,unknown,unknown,star_upper_gi
255,unknown,milimeter,ClassificationChoiceDescriptorTypes.NUMERIC,False,,False,0,1,{},-inf,inf,NumericDistributionChoices.UNKNOWN,{},0.0,2026-09-04 06:36:56.517364+00:00,dd21d5af-f143-4131-9833-a3b2a1295901,,length_mm_descriptor,unknown,unknown,unknown,star_upper_gi
4000,unknown,unknown,ClassificationChoiceDescriptorTypes.TEXT,False,,False,0,1,{},-inf,inf,NumericDistributionChoices.UNKNOWN,{},-999.0,2026-09-04 06:36:56.517397+00:00,7e227284-0662-4973-a3ba-56d7f8df2963,,additional_text_info,unknown,unknown,unknown,star_upper_gi
255,unknown,star_upper_gi_count,ClassificationChoiceDescriptorTypes.NUMERIC,False,,False,0,1,{},0.0,1000.0,NumericDistributionChoices.UNKNOWN,{},-999.0,2026-09-04 06:36:56.517427+00:00,4486889f-40fd-47c3-817b-fd849a012204,,star_upper_gi_count_descriptor,unknown,unknown,unknown,star_upper_gi
255,unknown,minutes,ClassificationChoiceDescriptorTypes.NUMERIC,False,,False,0,1,{},0.0,1440.0,NumericDistributionChoices.UNKNOWN,{},-999.0,2026-09-04 06:36:56.517453+00:00,0d06818c-aa64-49e7-835b-f08f86cacfac,,star_upper_gi_minutes_descriptor,unknown,unknown,unknown,star_upper_gi
255,unknown,star_upper_gi_score,ClassificationChoiceDescriptorTypes.NUMERIC,False,,False,0,1,{},0.0,9.0,NumericDistributionChoices.UNKNOWN,{},-999.0,2026-09-04 06:36:56.517482+00:00,380dc5fa-1d75-42d8-9eee-579ea7c68286,,star_upper_gi_cleanliness_total_0_9_descriptor,unknown,unknown,unknown,star_upper_gi
255,unknown,star_upper_gi_score,ClassificationChoiceDescriptorTypes.NUMERIC,False,,False,0,1,{},0.0,10.0,NumericDistributionChoices.UNKNOWN,{},-999.0,2026-09-04 06:36:56.517507+00:00,bc78f252-1694-4643-9f17-5f57bb78753c,,star_upper_gi_cleanliness_total_0_10_descriptor,unknown,unknown,unknown,star_upper_gi
255,unknown,milimeter,ClassificationChoiceDescriptorTypes.NUMERIC,False,,False,0,1,{},0.0,200.0,NumericDistributionChoices.UNKNOWN,{},-999.0,2026-09-04 06:36:56.694615+00:00,bdb72116-f95f-4771-94e3-fb76cb7056b4,,lesion_size_mm_value,unknown,unknown,Größter Durchmesser der Läsion in Millimetern.,lx_descriptors
32,unknown,unknown,ClassificationChoiceDescriptorTypes.TEXT,False,,False,0,1,{},-inf,inf,NumericDistributionChoices.UNKNOWN,{},-999.0,2026-09-04 06:36:56.698209+00:00,cfaf42ae-2697-435b-8a01-877311e7844c,,endoscopy_room_entry_time_value,unknown,unknown,"Uhrzeitgenauer Zeitpunkt, zu dem die untersuchte Person den Untersuchungsraum betritt.",lx_descriptors
32,unknown,unknown,ClassificationChoiceDescriptorTypes.TEXT,False,,False,0,1,{},-inf,inf,NumericDistributionChoices.UNKNOWN,{},-999.0,2026-09-04 06:36:56.698254+00:00,109da8db-ff68-4b00-9e6b-86901f70a9f8,,endoscope_insertion_time_value,unknown,unknown,"Uhrzeitgenauer Beginn der Endoskopie, definiert als Zeitpunkt des Einführens des Endoskops.",lx_descriptors
32,unknown,unknown,ClassificationChoiceDescriptorTypes.TEXT,False,,False,0,1,{},-inf,inf,NumericDistributionChoices.UNKNOWN,{},-999.0,2026-09-04 06:36:56.698284+00:00,52ab5546-4804-47d9-b55a-44c7aab402e1,,colonoscopy_withdrawal_start_time_value,unknown,unknown,"Uhrzeitgenauer Beginn des Rückzuges des Endoskops; bei vollständiger Koloskopie vom Zökalpol, bei inkompletter Koloskopie von der maximal erreichten Einführtiefe.",lx_descriptors
32,unknown,unknown,ClassificationChoiceDescriptorTypes.TEXT,False,,False,0,1,{},-inf,inf,NumericDistributionChoices.UNKNOWN,{},-999.0,2026-09-04 06:36:56.698310+00:00,44dc39c5-33e4-4338-a777-e470e1a05f69,,endoscope_removal_time_value,unknown,unknown,"Uhrzeitgenaues Ende der Endoskopie, definiert als Zeitpunkt des Entfernens des Endoskops.",lx_descriptors
32,unknown,unknown,ClassificationChoiceDescriptorTypes.TEXT,False,,False,0,1,{},-inf,inf,NumericDistributionChoices.UNKNOWN,{},-999.0,2026-09-04 06:36:56.698334+00:00,468d2077-ce68-47f6-90ce-2d52480df31a,,endoscopy_room_exit_time_value,unknown,unknown,"Uhrzeitgenauer Zeitpunkt, zu dem die untersuchte Person den Untersuchungsraum verlässt.",lx_descriptors
32,unknown,unknown,ClassificationChoiceDescriptorTypes.TEXT,False,,False,0,1,{},-inf,inf,NumericDistributionChoices.UNKNOWN,{},-999.0,2026-09-04 06:36:56.698358+00:00,419f6d0e-b6f7-4182-91e1-d5a81053d2ac,,endoscopy_department_exit_time_value,unknown,unknown,"Uhrzeitgenauer Zeitpunkt, zu dem die untersuchte Person die Endoskopieabteilung beziehungsweise den Aufwachraum verlässt.",lx_descriptors
32,unknown,unknown,ClassificationChoiceDescriptorTypes.TEXT,False,,False,0,1,{},-inf,inf,NumericDistributionChoices.UNKNOWN,{},-999.0,2026-09-04 06:36:56.703764+00:00,089eef4e-d85c-4679-93f9-f719db94e4da,,endoscopy_risk_assessment_time_value,unknown,unknown,Uhrzeitgenauer Zeitpunkt des standardisierten Risikoassessments vor dem endoskopischen Eingriff.,lx_descriptors
128,unknown,unknown,ClassificationChoiceDescriptorTypes.TEXT,False,,False,0,1,{},-inf,inf,NumericDistributionChoices.UNKNOWN,{},-999.0,2026-09-04 06:36:56.703812+00:00,e991869b-acce-4015-82bb-ef49ee22a72b,,risk_assessment_protocol_version_value,unknown,unknown,Bezeichnung und Version der für das standardisierte Risikoassessment verwendeten Checkliste oder Verfahrensanweisung.,lx_descriptors
32,unknown,unknown,ClassificationChoiceDescriptorTypes.TEXT,False,,False,0,1,{},-inf,inf,NumericDistributionChoices.UNKNOWN,{},-999.0,2026-09-04 06:36:56.703848+00:00,ff1f2f7d-99eb-4028-99bc-2177d98d7899,,preprocedure_physical_assessment_time_value,unknown,unknown,Uhrzeitgenauer Zeitpunkt der körperlichen Untersuchung vor der Sedierung.,lx_descriptors
255,unknown,beats_per_minute,ClassificationChoiceDescriptorTypes.NUMERIC,False,,False,0,1,{},0.0,inf,NumericDistributionChoices.UNKNOWN,{},-999.0,2026-09-04 06:36:56.703876+00:00,065e14c2-3e49-4ed5-864b-3ae6b956553e,,preprocedure_heart_rate_value,unknown,unknown,Herzfrequenz bei der präprozeduralen körperlichen Untersuchung.,lx_descriptors
255,unknown,millimeter_mercury,ClassificationChoiceDescriptorTypes.NUMERIC,False,,False,0,1,{},0.0,inf,NumericDistributionChoices.UNKNOWN,{},-999.0,2026-09-04 06:36:56.703902+00:00,584ec742-774d-40f2-be0e-e3eea80d3102,,preprocedure_systolic_blood_pressure_value,unknown,unknown,Systolischer Blutdruck bei der präprozeduralen körperlichen Untersuchung.,lx_descriptors
255,unknown,millimeter_mercury,ClassificationChoiceDescriptorTypes.NUMERIC,False,,False,0,1,{},0.0,inf,NumericDistributionChoices.UNKNOWN,{},-999.0,2026-09-04 06:36:56.703932+00:00,dfb77264-3eb1-4111-a5e3-fcbc1e075c96,,preprocedure_diastolic_blood_pressure_value,unknown,unknown,Diastolischer Blutdruck bei der präprozeduralen körperlichen Untersuchung.,lx_descriptors
255,unknown,percent,ClassificationChoiceDescriptorTypes.NUMERIC,False,,False,0,1,{},0.0,100.0,NumericDistributionChoices.UNKNOWN,{},-999.0,2026-09-04 06:36:56.703961+00:00,c74a35fc-acd7-486b-939f-0ea1a1e274c6,,preprocedure_oxygen_saturation_value,unknown,unknown,Pulsoxymetrische Sauerstoffsättigung bei der präprozeduralen körperlichen Untersuchung.,lx_descriptors
32,unknown,unknown,ClassificationChoiceDescriptorTypes.TEXT,False,,False,0,1,{},-inf,inf,NumericDistributionChoices.UNKNOWN,{},-999.0,2026-09-04 06:36:56.703985+00:00,5e5944b6-7b79-4d05-8783-01bc5707643b,,last_oral_intake_time_value,unknown,unknown,Dokumentierter Zeitpunkt der letzten Nahrungs- oder Flüssigkeitsaufnahme.,lx_descriptors
128,unknown,unknown,ClassificationChoiceDescriptorTypes.TEXT,False,,False,0,1,{},-inf,inf,NumericDistributionChoices.UNKNOWN,{},-999.0,2026-09-04 06:36:56.704010+00:00,98817ca4-aecd-4d28-88d8-1edf534f9653,,last_oral_intake_type_value,unknown,unknown,Dokumentierte Art der letzten Nahrungs- oder Flüssigkeitsaufnahme.,lx_descriptors
32,unknown,unknown,ClassificationChoiceDescriptorTypes.TEXT,False,,False,0,1,{},-inf,inf,NumericDistributionChoices.UNKNOWN,{},-999.0,2026-09-04 06:36:56.705488+00:00,aed9686f-718b-4756-b8b5-a6109eafea33,,endoscopy_team_timeout_time_value,unknown,unknown,Uhrzeitgenauer Zeitpunkt des Team-Time-outs unmittelbar vor dem endoskopischen Eingriff.,lx_descriptors
32,unknown,unknown,ClassificationChoiceDescriptorTypes.TEXT,False,,False,0,1,{},-inf,inf,NumericDistributionChoices.UNKNOWN,{},-999.0,2026-09-04 06:36:56.705527+00:00,0a4b5707-1bbd-441f-8971-5db2fa27f820,,endoscopy_sign_out_time_value,unknown,unknown,Uhrzeitgenauer Zeitpunkt des Sign-outs unmittelbar nach dem endoskopischen Eingriff.,lx_descriptors
255,unknown,milligram,ClassificationChoiceDescriptorTypes.NUMERIC,False,,False,0,1,{},0.0,2000.0,NumericDistributionChoices.UNKNOWN,{},-999.0,2026-09-04 06:36:56.709806+00:00,99cdd2c3-bc26-4cf7-9a04-866f775766d4,,propofol_dose_mg_value,unknown,unknown,Tatsächlich verabreichte Propofol-Dosis in Milligramm.,lx_descriptors
255,unknown,milligram,ClassificationChoiceDescriptorTypes.NUMERIC,False,,False,0,1,{},0.0,100.0,NumericDistributionChoices.UNKNOWN,{},-999.0,2026-09-04 06:36:56.709847+00:00,85316b63-64fb-4771-b56c-85b61994147d,,midazolam_dose_mg_value,unknown,unknown,Tatsächlich verabreichte Midazolam-Dosis in Milligramm.,lx_descriptors
255,unknown,microgram,ClassificationChoiceDescriptorTypes.NUMERIC,False,,False,0,1,{},0.0,2000.0,NumericDistributionChoices.UNKNOWN,{},-999.0,2026-09-04 06:36:56.709880+00:00,e47aa10c-cdb6-455f-aef0-16dc12fd3072,,fentanyl_dose_microgram_value,unknown,unknown,Tatsächlich verabreichte Fentanyl-Dosis in Mikrogramm.,lx_descriptors
255,unknown,milligram,ClassificationChoiceDescriptorTypes.NUMERIC,False,,False,0,1,{},0.0,500.0,NumericDistributionChoices.UNKNOWN,{},-999.0,2026-09-04 06:36:56.709914+00:00,f232f88f-b91b-4bf9-85c1-d94dfff7afa6,,pethidine_dose_mg_value,unknown,unknown,Tatsächlich verabreichte Pethidin-Dosis in Milligramm.,lx_descriptors
255,unknown,milligram,ClassificationChoiceDescriptorTypes.NUMERIC,False,,False,0,1,{},0.0,200.0,NumericDistributionChoices.UNKNOWN,{},-999.0,2026-09-04 06:36:56.709949+00:00,ca607b49-61d6-49e8-a07f-aaf33f0f1bab,,butylscopolamine_dose_mg_value,unknown,unknown,Tatsächlich verabreichte Butylscopolamin-Dosis in Milligramm.,lx_descriptors
255,unknown,milliliter_per_hour,ClassificationChoiceDescriptorTypes.NUMERIC,False,,False,0,1,{},0.0,inf,NumericDistributionChoices.UNKNOWN,{},-999.0,2026-09-04 06:36:56.709976+00:00,d061c699-02c3-49c4-863c-88f5d405adb5,,medication_infusion_volumetric_flow_rate_value,unknown,unknown,Tatsächlich eingestellte volumetrische Flussrate einer Medikamenteninfusion gemäß der DGVS-Anforderung zur Dokumentation von Dosierung und Flussrate bzw. Einzelboli.,lx_descriptors
32,unknown,unknown,ClassificationChoiceDescriptorTypes.TEXT,False,,False,0,1,{},-inf,inf,NumericDistributionChoices.UNKNOWN,{},-999.0,2026-09-04 06:36:56.715761+00:00,265d8f06-76b5-47a6-aafc-64d1b4989136,,medication_administration_time_value,unknown,unknown,"Zeitpunkt der Medikamentengabe als lokale Uhrzeit oder ISO-8601-Zeitangabe; erforderlich für die zeitabhängige Sedierungsdokumentation nach AWMF 021-014, Empfehlung 5.10.",lx_descriptors
32,unknown,unknown,ClassificationChoiceDescriptorTypes.TEXT,False,,False,0,1,{},-inf,inf,NumericDistributionChoices.UNKNOWN,{},-999.0,2026-09-04 06:36:56.715803+00:00,e14d0f93-6cd7-4d40-bcb3-89a4939e69a5,,sedation_monitoring_time_value,unknown,unknown,Zeitpunkt der Vitalparametermessung als lokale Uhrzeit oder ISO-8601-Zeitangabe.,lx_descriptors
255,unknown,beats_per_minute,ClassificationChoiceDescriptorTypes.NUMERIC,False,,False,0,1,{},0.0,300.0,NumericDistributionChoices.UNKNOWN,{},-999.0,2026-09-04 06:36:56.715833+00:00,8626e488-31bb-44e3-863a-5baaec8bd670,,sedation_heart_rate_value,unknown,unknown,Zum dokumentierten Zeitpunkt gemessene Herzfrequenz.,lx_descriptors
255,unknown,millimeter_mercury,ClassificationChoiceDescriptorTypes.NUMERIC,False,,False,0,1,{},0.0,350.0,NumericDistributionChoices.UNKNOWN,{},-999.0,2026-09-04 06:36:56.715861+00:00,146c3fef-8303-4905-9ac0-bb707ccc26c3,,sedation_systolic_blood_pressure_value,unknown,unknown,Zum dokumentierten Zeitpunkt gemessener systolischer Blutdruck.,lx_descriptors
255,unknown,millimeter_mercury,ClassificationChoiceDescriptorTypes.NUMERIC,False,,False,0,1,{},0.0,250.0,NumericDistributionChoices.UNKNOWN,{},-999.0,2026-09-04 06:36:56.715885+00:00,f79cb5d5-72dd-453c-b015-22ac25864ab6,,sedation_diastolic_blood_pressure_value,unknown,unknown,Zum dokumentierten Zeitpunkt gemessener diastolischer Blutdruck.,lx_descriptors
255,unknown,percent,ClassificationChoiceDescriptorTypes.NUMERIC,False,,False,0,1,{},0.0,100.0,NumericDistributionChoices.UNKNOWN,{},-999.0,2026-09-04 06:36:56.715910+00:00,ce64f47b-5535-4b5a-85c2-5dbbc2bf3683,,sedation_oxygen_saturation_value,unknown,unknown,Zum dokumentierten Zeitpunkt pulsoxymetrisch gemessene Sauerstoffsättigung.,lx_descriptors
255,unknown,liters_per_minute,ClassificationChoiceDescriptorTypes.NUMERIC,False,,False,0,1,{},0.0,30.0,NumericDistributionChoices.UNKNOWN,{},-999.0,2026-09-04 06:36:56.715943+00:00,08b0fb01-6627-4b4f-a64c-35d43cf531cb,,supplemental_oxygen_flow_rate_value,unknown,unknown,Dokumentierte Sauerstoffflussrate.,lx_descriptors
255,unknown,milliliter,ClassificationChoiceDescriptorTypes.NUMERIC,False,,False,0,1,{},0.0,10000.0,NumericDistributionChoices.UNKNOWN,{},-999.0,2026-09-04 06:36:56.715970+00:00,d3e460ee-32bc-4b9a-a255-62e31a3ba405,,intravenous_fluid_volume_value,unknown,unknown,Verabreichtes Volumen der intravenösen Flüssigkeit.,lx_descriptors
32,unknown,unknown,ClassificationChoiceDescriptorTypes.TEXT,False,,False,0,1,{},-inf,inf,NumericDistributionChoices.UNKNOWN,{},-999.0,2026-09-04 06:36:56.715995+00:00,4d9cdbdd-7857-4cf0-be96-50026d8a6817,,intravenous_fluid_administration_time_value,unknown,unknown,Zeitpunkt der intravenösen Flüssigkeitsgabe als lokale Uhrzeit oder ISO-8601-Zeitangabe.,lx_descriptors
255,unknown,minutes,ClassificationChoiceDescriptorTypes.NUMERIC,False,,False,0,1,{},0.0,180.0,NumericDistributionChoices.UNKNOWN,{},-999.0,2026-09-04 06:36:56.717258+00:00,a8c601ed-cd1e-4ece-8bb5-a4c9b9efc32a,,minutes_numeric_value,Zeitwert (Minuten),Time value (minutes),Numerischer Zeitwert in Minuten.,lx_descriptors
